puff, drmario, puff, bowser, yoshi, samus, bowser, bowser, bowser, dk, chu, dk, dk, barf, mario, drmario, ganon, falco, ice, mn&f, ice, drmario, boy, bowser, puff, goon, puff, samus, puff, fux, bowser, yoshi, ystink, ice, luigi, samus, drmario, goon, ness, drmario, boy, fux, drmario, pichu, peach, pichu, chu, luigi, fux, stink, fux, mario, stink, mario, boy, fux, chu, ystink, goon, boy, drmario, mewtwo, ganon, falco, smelda, goon, peach, boy, yoshi, pichu, chu, bowser, falco, luigi, boy, falco, ness, pichu, ice, ice, fux, fux, yoshi, luigi, ganon, mewtwo, goon, samus, mario, ice, ystink, boy, boy, samus, kirby, yoshi, dk, ice, ness, pichu, dk, falco, dk, ystink, puff, ice, mario, ice, puff, ystink, falco, drmario, smelda, smelda, 